lay,M,E,seed,passes,reg,reach_bound,ratio
paper,100,1500000.0,1,True,0.0,True,4.718155250210255
paper,100,1500000.0,2,False,0.0,True,0.8990141619555644
paper,100,1500000.0,3,True,0.0,True,8.911286724419256
paper,100,1500000.0,4,True,0.0,True,1.2762930646236241
paper,100,1500000.0,5,True,0.0,True,1.014444033827455
paper,100,1500000.0,6,True,0.0,True,1.4847503112643239
paper,100,1500000.0,7,True,0.0,True,3.7100632448888526
paper,100,1500000.0,8,False,0.0,True,0.7360311517773575
paper,100,1500000.0,9,False,0.0,True,0.25237316699570755
paper,100,1500000.0,10,True,0.0,True,7.444582976869681
paper,100,1500000.0,11,True,0.0,True,2.7715578362942015
paper,100,1500000.0,12,False,0.0,True,0.556403795597634
paper,200,1500000.0,1,False,0.0631301001848682,True,0.14710825462551577
paper,200,1500000.0,2,False,0.0,True,0.7302576268358156
paper,200,1500000.0,3,False,0.0015517546252840214,True,0.09422722869525052
paper,200,1500000.0,4,False,0.0,True,0.6196142874034102
paper,200,1500000.0,5,False,0.0,True,0.19943120053271612
paper,200,1500000.0,6,True,0.0,True,1.0260932130336027
paper,200,1500000.0,7,False,0.06820846607974658,True,0.6011893667298055
paper,200,1500000.0,8,False,0.0,True,0.3641883461363717
paper,200,1500000.0,9,False,0.0,True,0.2629012048399274
paper,200,1500000.0,10,False,0.0,True,0.8112026561479309
paper,200,1500000.0,11,False,0.0,True,0.5542331642288794
paper,200,1500000.0,12,False,0.0,True,0.771152125531285
ring,100,1500000.0,1,True,0.0,False,10.915043596690092
ring,100,1500000.0,2,True,0.0,False,4.2205033487076475
ring,100,1500000.0,3,True,0.0,False,5.089097469272245
ring,100,1500000.0,4,True,0.0,False,15.873061750239444
ring,100,1500000.0,5,True,0.0,False,4.417144106016296
ring,100,1500000.0,6,True,0.0,False,9.682819504445488
ring,100,1500000.0,7,True,0.009457391280643506,False,23.746697220193173
ring,100,1500000.0,8,True,0.0,False,5.678430244465713
ring,100,1500000.0,9,True,0.0,False,11.252363683956798
ring,100,1500000.0,10,True,0.0,False,18.30616934297617
ring,100,1500000.0,11,True,0.0,False,6.957032868456466
ring,100,1500000.0,12,True,0.0,False,5.734565512752011
paper,200,3000000.0,1,False,0.0,True,0.4094054726440277
paper,200,3000000.0,2,True,0.0,True,1.7938650552964466
paper,200,3000000.0,3,False,0.0,True,0.24595026330181938
paper,200,3000000.0,4,True,0.0,True,1.7487064224391544
paper,200,3000000.0,5,False,0.0,True,0.5998948411820698
paper,200,3000000.0,6,True,0.0,True,2.563299260703954
paper,200,3000000.0,7,True,0.0,True,1.478763928234565
paper,200,3000000.0,8,False,0.0,True,0.9838223975519539
paper,200,3000000.0,9,False,0.0,True,0.890651797979355
paper,200,3000000.0,10,True,0.0,True,2.250564984032017
paper,200,3000000.0,11,False,0.0,True,0.5266778598359241
paper,200,3000000.0,12,False,0.009750784952940574,True,0.6261421540880365
ring,200,1500000.0,1,True,0.0,False,6.353853393026379
ring,200,1500000.0,2,True,0.0,False,3.840174899926805
ring,200,1500000.0,3,True,0.0,False,5.4440670788408525
ring,200,1500000.0,4,True,0.0,False,3.8047485372604926
ring,200,1500000.0,5,True,0.0,False,4.646487984508865
ring,200,1500000.0,6,True,0.0,False,5.542170507186173
ring,200,1500000.0,7,True,0.0,False,3.401020856273613
ring,200,1500000.0,8,True,0.0,False,4.747514382399593
ring,200,1500000.0,9,True,0.0,False,4.464264017596844
ring,200,1500000.0,10,True,0.0,False,5.67011837742873
ring,200,1500000.0,11,True,0.0,False,2.12366145539869
ring,200,1500000.0,12,True,0.0,False,1.61268565115667
ring,200,3000000.0,1,True,0.0401403701584841,False,5.879488154969155
ring,200,3000000.0,2,True,0.050758468374624374,False,4.5336682283228145
ring,200,3000000.0,3,True,0.07648492617798341,False,5.3342762965511055
ring,200,3000000.0,4,True,0.020462317252736086,False,3.5277342699994216
ring,200,3000000.0,5,True,0.020858472830176514,False,4.208885728644404
ring,200,3000000.0,6,True,0.01854204775979781,False,5.257961258648681
ring,200,3000000.0,7,True,0.01021692597472063,False,3.22030815338741
ring,200,3000000.0,8,True,0.0,False,4.704787263507123
ring,200,3000000.0,9,True,0.0772860991017386,False,4.606366781395528
ring,200,3000000.0,10,True,0.06836447462803688,False,5.549061015727983
ring,200,3000000.0,11,True,0.026316070218681178,False,2.2238615380064775
ring,200,3000000.0,12,True,0.06959417033128025,False,1.5571928267261335
core,200,1500000.0,1,False,0.5045226047894668,True,0.18259435324440332
core,200,1500000.0,2,False,0.1953674054062488,True,0.3126231671145731
core,200,1500000.0,3,False,0.700453085369682,True,0.15240614875064415
core,200,1500000.0,4,False,0.30155309481577225,True,0.23928899041569424
core,200,1500000.0,5,False,0.0,True,0.6539015797346027
core,200,1500000.0,6,False,0.3449856701128779,True,0.32316884727510153
core,200,1500000.0,7,False,0.5459298381533536,True,0.07870028715098638
core,200,1500000.0,8,False,0.26062233912313426,True,0.3301252826371755
core,200,1500000.0,9,False,0.061498426123521265,True,0.4124539745195679
core,200,1500000.0,10,False,0.19913000212154836,True,0.40866356453212066
core,200,1500000.0,11,False,0.4934150552918918,True,0.17797355570878462
core,200,1500000.0,12,False,0.5111699226762342,True,0.10824533644609571
core,200,3000000.0,1,False,0.28621385720793535,True,0.43930516298984235
core,200,3000000.0,2,False,0.0,True,0.6567833649305421
core,200,3000000.0,3,False,0.30020583295666425,True,0.34229640216776114
core,200,3000000.0,4,False,0.15060890445322,True,0.4346507002773663
core,200,3000000.0,5,True,0.0,True,1.3487652603977616
core,200,3000000.0,6,False,0.10806549191116724,True,0.7583708909261638
core,200,3000000.0,7,False,0.46200805084876084,True,0.15510571164668138
core,200,3000000.0,8,False,0.1447386252301738,True,0.780760266948468
core,200,3000000.0,9,False,0.0,True,0.8130911820461664
core,200,3000000.0,10,False,0.0917509951223632,True,0.9382621588902399
core,200,3000000.0,11,False,0.1678965249022072,True,0.4152446493473237
core,200,3000000.0,12,False,0.3857688327567356,True,0.21249142499628867
paper,100,3000000.0,1,True,0.0,True,13.913314963460037
paper,100,3000000.0,2,True,0.0,True,2.1426537858444115
paper,100,3000000.0,3,True,0.0,True,16.38388024298905
paper,100,3000000.0,4,True,0.0,True,3.49688084806857
paper,100,3000000.0,5,True,0.0,True,3.0576637544041034
paper,100,3000000.0,6,True,0.0,True,4.3234772467321685
paper,100,3000000.0,7,True,0.0,True,6.342687261095498
paper,100,3000000.0,8,True,0.0,True,1.8483059427972153
paper,100,3000000.0,9,False,0.0,True,0.6783400821600409
paper,100,3000000.0,10,True,0.0,True,5.598878249059742
paper,100,3000000.0,11,True,0.0,True,6.429656058472056
paper,100,3000000.0,12,True,0.0647394038293975,True,1.2267462098673931
ring,100,3000000.0,1,True,0.1619275710818233,False,6.2782190995823255
ring,100,3000000.0,2,True,0.21898264838103973,False,2.915656872280582
ring,100,3000000.0,3,True,0.19489508454502663,False,3.2097282847365505
ring,100,3000000.0,4,True,0.15337050153944692,False,9.966743851971845
ring,100,3000000.0,5,True,0.17164906885362194,False,2.769140633170231
ring,100,3000000.0,6,True,0.17223296643300515,False,6.594764520319913
ring,100,3000000.0,7,True,0.16653159269033593,False,14.397664676212363
ring,100,3000000.0,8,True,0.19588087786475955,False,3.9443564096223147
ring,100,3000000.0,9,True,0.1979806626528581,False,6.285513287403296
ring,100,3000000.0,10,True,0.21386539439256483,False,11.570666390499388
ring,100,3000000.0,11,True,0.16314540489383003,False,3.910215216943994
ring,100,3000000.0,12,True,0.18628623482154685,False,3.469506768491427
core,100,1500000.0,1,True,0.0,True,1.6008595526416982
core,100,1500000.0,2,True,0.0,True,2.506922668346422
core,100,1500000.0,3,False,0.2655064332056925,True,0.5700925760683595
core,100,1500000.0,4,True,0.0,True,1.3676788198232495
core,100,1500000.0,5,True,0.18153317309335076,True,1.3666002035675497
core,100,1500000.0,6,True,0.0,True,1.952657014051064
core,100,1500000.0,7,False,0.0,True,0.8861455691850693
core,100,1500000.0,8,True,0.0,True,1.2894832593174828
core,100,1500000.0,9,True,0.0,True,1.165394051408182
core,100,1500000.0,10,False,0.13864268975700944,True,0.6175877895129087
core,100,1500000.0,11,False,0.8071568370602275,True,0.18944667676260216
core,100,1500000.0,12,True,0.0,True,1.3841159363014144
core,100,3000000.0,1,True,0.1168924493625824,True,2.9672150460374325
core,100,3000000.0,2,True,0.0,True,4.243557949395269
core,100,3000000.0,3,True,0.12810594844256942,True,1.0844639255447588
core,100,3000000.0,4,True,0.09092383967380321,True,2.4343554789241217
core,100,3000000.0,5,True,0.11902923977824836,True,2.7092332593132524
core,100,3000000.0,6,True,0.0,True,3.3957393249313546
core,100,3000000.0,7,True,0.0,True,1.6370440497190193
core,100,3000000.0,8,True,0.0,True,2.5434522527456283
core,100,3000000.0,9,True,0.10469987433089749,True,2.0361530169662396
core,100,3000000.0,10,True,0.12405994292955162,True,1.1106031488794004
core,100,3000000.0,11,False,0.3133608170534637,True,0.32716196009385595
core,100,3000000.0,12,True,0.0,True,2.7182401420310587
paper,50,1500000.0,1,True,0.0,True,13.494423735057637
paper,50,1500000.0,2,True,0.0,True,4.060441677760447
paper,50,1500000.0,3,True,0.0,True,14.695724959270526
paper,50,1500000.0,4,False,0.0,True,0.664751349321292
paper,50,1500000.0,5,True,0.0,True,29.448921465344252
paper,50,1500000.0,6,True,0.0,True,11.253301639977888
paper,50,1500000.0,7,True,0.0,True,9.817701415766722
paper,50,1500000.0,8,True,0.0,True,1.9418939310559522
paper,50,1500000.0,9,True,0.019578248568086206,True,30.76142587635694
paper,50,1500000.0,10,True,0.0,True,6.808038029999268
paper,50,1500000.0,11,True,0.0,True,11.35267310781094
paper,50,1500000.0,12,True,0.0,True,7.586435668280127
paper,50,3000000.0,1,True,0.0,True,104.72738200991478
paper,50,3000000.0,2,True,0.0,True,11.206637942655085
paper,50,3000000.0,3,True,0.1331068856922096,True,31.387612378327212
paper,50,3000000.0,4,True,0.04561751201041651,True,1.7307788720091255
paper,50,3000000.0,5,True,0.0,True,22.391117368025558
paper,50,3000000.0,6,True,0.09939449018491481,True,24.43108439066082
paper,50,3000000.0,7,True,0.0,True,25.851581478208317
paper,50,3000000.0,8,True,0.0,True,5.231844580383121
paper,50,3000000.0,9,True,0.0,True,43.13006659474705
paper,50,3000000.0,10,True,0.0,True,32.515183393385534
paper,50,3000000.0,11,True,0.023921122322411142,True,8.675874373981575
paper,50,3000000.0,12,True,0.0,True,44.79925176940148
ring,50,1500000.0,1,True,0.0,False,9.518230759714431
ring,50,1500000.0,2,True,0.054444856352440604,False,18.47285293264408
ring,50,1500000.0,3,True,0.0,False,24.370438484880392
ring,50,1500000.0,4,True,0.0,False,17.67259114219957
ring,50,1500000.0,5,True,0.0,False,13.09384098286176
ring,50,1500000.0,6,True,0.027395001007351913,False,7.539692364718319
ring,50,1500000.0,7,True,0.0,False,9.483163792893086
ring,50,1500000.0,8,True,0.009715241906945254,False,10.243327911397493
ring,50,1500000.0,9,True,0.0,False,8.880179448707471
ring,50,1500000.0,10,True,0.0,False,14.46614469305237
ring,50,1500000.0,11,True,0.0,False,7.213832095340393
ring,50,1500000.0,12,True,0.021860853985649752,False,11.661484506434702
ring,50,3000000.0,1,True,0.271110287527092,False,6.20976925240982
ring,50,3000000.0,2,True,0.151025219434633,False,8.407008071019364
ring,50,3000000.0,3,True,0.21977450731952067,False,13.074675610615047
ring,50,3000000.0,4,True,0.21705982149077582,False,8.33596581616923
ring,50,3000000.0,5,True,0.22657052408119954,False,8.80134631096595
ring,50,3000000.0,6,True,0.27896291424100816,False,4.246629354807527
ring,50,3000000.0,7,True,0.2569004706718196,False,4.4446288454061555
ring,50,3000000.0,8,True,0.22352466001981444,False,6.8988030050103974
ring,50,3000000.0,9,True,0.3059174123037308,False,6.179746913070645
ring,50,3000000.0,10,True,0.20018712593643007,False,10.328229864297148
ring,50,3000000.0,11,True,0.2563391235316562,False,4.814961874585196
ring,50,3000000.0,12,True,0.28496902906721516,False,6.423801600336525
core,50,1500000.0,1,True,0.0,True,3.6950173070810264
core,50,1500000.0,2,True,0.0,True,1.1993635434587802
core,50,1500000.0,3,True,0.23578460391102926,True,3.5337281525152675
core,50,1500000.0,4,True,0.0,True,2.8268104238299996
core,50,1500000.0,5,False,0.0,True,0.9170738976789345
core,50,1500000.0,6,True,0.2696489679798889,True,4.02593390194729
core,50,1500000.0,7,True,0.19866816382747413,True,2.5533633407451037
core,50,1500000.0,8,True,0.0,True,5.15567163319907
core,50,1500000.0,9,True,0.0,True,6.081498355328283
core,50,1500000.0,10,True,0.21370718546247588,True,4.011924092250259
core,50,1500000.0,11,True,0.0,True,3.801555278219923
core,50,1500000.0,12,True,0.0,True,4.729528936144885
core,50,3000000.0,1,True,0.0,True,7.149899966933932
core,50,3000000.0,2,True,0.0,True,3.069795990994702
core,50,3000000.0,3,True,0.07919973036332639,True,7.419635353580259
core,50,3000000.0,4,True,0.0,True,4.926854119653262
core,50,3000000.0,5,True,0.0,True,2.092422199885464
core,50,3000000.0,6,True,0.10243881870943,True,8.176941234822452
core,50,3000000.0,7,True,0.07985836466056855,True,5.748223495870989
core,50,3000000.0,8,True,0.0,True,9.977404532024723
core,50,3000000.0,9,True,0.0,True,10.440258982192956
core,50,3000000.0,10,True,0.0823560650822187,True,9.306134809179506
core,50,3000000.0,11,True,0.0,True,7.5919923864759635
core,50,3000000.0,12,True,0.14340925860009487,True,8.919587456932229
paper,400,1500000.0,1,False,0.0,True,0.4271231954212397
paper,400,1500000.0,2,False,0.003598842884519392,True,0.16697299446468714
paper,400,1500000.0,3,False,0.0,True,0.21418558900985388
paper,400,1500000.0,4,False,0.0,True,0.24953988901748148
paper,400,1500000.0,5,False,0.0,True,0.5147363557774866
paper,400,1500000.0,6,False,0.0,True,0.21039363420394674
paper,400,1500000.0,7,False,0.0,True,0.3294410731510409
paper,400,1500000.0,8,False,0.008868016611362314,True,0.08927626945252784
paper,100,6000000.0,1,True,0.08930861279799397,True,6.294442276857959
paper,100,6000000.0,2,True,0.0,True,4.245648758677983
paper,100,6000000.0,3,True,0.06896114056564473,True,21.9427324751168
paper,100,6000000.0,4,True,0.0,True,12.171365980479612
paper,100,6000000.0,5,True,0.039013112499011286,True,2.1261025258519375
paper,100,6000000.0,6,True,0.0,True,21.505694937136496
paper,100,6000000.0,7,True,0.04192903356755893,True,2.8081248645330783
paper,100,6000000.0,8,True,0.0,True,5.428821123753768
paper,100,6000000.0,9,True,0.021469442809427773,True,2.5361039871409057
paper,100,6000000.0,10,True,0.041915900432407144,True,14.863069198293212
paper,100,6000000.0,11,True,0.0,True,13.280469836148331
paper,100,6000000.0,12,True,0.03191371852915196,True,3.644723228215916
